"UserName","Description","DelayedAutoStart","BinaryPathName","StartupType","Name","RequiredServices","CanPauseAndContinue","CanShutdown","CanStop","DisplayName","DependentServices","MachineName","ServiceName","ServicesDependedOn","StartType","ServiceHandle","Status","ServiceType","Site","Container"
"LocalSystem","Alienware SupportAssist Remediation Service","True","""C:\Program Files\Dell\SARemediation\agent\DellSupportAssistRemedationService.exe""","AutomaticDelayedStart","Alienware SupportAssist Remediation","System.ServiceProcess.ServiceController[]","False","True","True","Alienware SupportAssist Remediation","System.ServiceProcess.ServiceController[]",".","Alienware SupportAssist Remediation","System.ServiceProcess.ServiceController[]","Automatic",,"Running","Win32OwnProcess",,
"LocalSystem","Manages Trend Micro security modules","False","""C:\Program Files\Trend Micro\AMSP\coreServiceShell.exe"" coreFrameworkHost.exe -m=nb -dt=60000 -ad -bt=0","Automatic","Amsp","System.ServiceProcess.ServiceController[]","False","True","False","Trend Micro Solution Platform","System.ServiceProcess.ServiceController[]",".","Amsp","System.ServiceProcess.ServiceController[]","Automatic",,"Running","Win32OwnProcess",,
"LocalSystem",,"True","""C:\Program Files\Trend Micro\AMSP\AMSPTelemetryService.exe"" 60 30 -sp=1 1","AutomaticDelayedStart","AMSPTLM","System.ServiceProcess.ServiceController[]","False","True","False","Trend Micro Activity Data Service","System.ServiceProcess.ServiceController[]",".","AMSPTLM","System.ServiceProcess.ServiceController[]","Automatic",,"Running","Win32OwnProcess",,
"LocalSystem","Facilitates the running of interactive applications with additional administrative privileges.  If this service is stopped, users will be unable to launch applications with the additional administrative privileges they may require to perform desired user tasks.","False","C:\WINDOWS\system32\svchost.exe -k netsvcs -p","Manual","Appinfo","System.ServiceProcess.ServiceController[]","False","False","True","Application Information","System.ServiceProcess.ServiceController[]",".","Appinfo","System.ServiceProcess.ServiceController[]","Manual",,"Running","Win32OwnProcess, Win32ShareProcess",,
"LocalSystem","Provides the interface to Apple mobile devices.","False","""C:\Program Files\Common Files\Apple\Mobile Device Support\AppleMobileDeviceService.exe""","Automatic","Apple Mobile Device Service","System.ServiceProcess.ServiceController[]","False","False","True","Apple Mobile Device Service","System.ServiceProcess.ServiceController[]",".","Apple Mobile Device Service","System.ServiceProcess.ServiceController[]","Automatic",,"Running","Win32OwnProcess",,
"LocalSystem","Provides infrastructure support for deploying Store applications. This service is started on demand and if disabled Store applications will not be deployed to the system, and may not function properly.","False","C:\WINDOWS\system32\svchost.exe -k wsappx -p","Manual","AppXSvc","System.ServiceProcess.ServiceController[]","False","True","True","AppX Deployment Service (AppXSVC)","System.ServiceProcess.ServiceController[]",".","AppXSvc","System.ServiceProcess.ServiceController[]","Manual",,"Running","Win32OwnProcess, Win32ShareProcess",,
"LocalSystem","Manages audio devices for the Windows Audio service.  If this service is stopped, audio devices and effects will not function properly.  If this service is disabled, any services that explicitly depend on it will fail to start","False","C:\WINDOWS\System32\svchost.exe -k LocalSystemNetworkRestricted -p","Automatic","AudioEndpointBuilder","System.ServiceProcess.ServiceController[]","False","False","True","Windows Audio Endpoint Builder","System.ServiceProcess.ServiceController[]",".","AudioEndpointBuilder","System.ServiceProcess.ServiceController[]","Automatic",,"Running","Win32OwnProcess, Win32ShareProcess",,
"NT AUTHORITY\LocalService","Manages audio for Windows-based programs.  If this service is stopped, audio devices and effects will not function properly.  If this service is disabled, any services that explicitly depend on it will fail to start","False","C:\WINDOWS\System32\svchost.exe -k LocalServiceNetworkRestricted -p","Automatic","Audiosrv","System.ServiceProcess.ServiceController[]","False","False","True","Windows Audio","System.ServiceProcess.ServiceController[]",".","Audiosrv","System.ServiceProcess.ServiceController[]","Automatic",,"Running","Win32OwnProcess",,
"LocalSystem","Alienware Command Center Service","True","""C:\Program Files\Alienware\Alienware Command Center\AWCC.Service.exe""","AutomaticDelayedStart","AWCCService","System.ServiceProcess.ServiceController[]","False","True","True","AWCCService","System.ServiceProcess.ServiceController[]",".","AWCCService","System.ServiceProcess.ServiceController[]","Automatic",,"Running","Win32OwnProcess",,
"","This user service is used for Game Recordings and Live Broadcasts","False","C:\WINDOWS\system32\svchost.exe -k BcastDVRUserService","Manual","BcastDVRUserService_1997b6","System.ServiceProcess.ServiceController[]","False","False","True","GameDVR and Broadcast User Service_1997b6","System.ServiceProcess.ServiceController[]",".","BcastDVRUserService_1997b6","System.ServiceProcess.ServiceController[]","Manual",,"Running","240",,
"NT AUTHORITY\LocalService","The Base Filtering Engine (BFE) is a service that manages firewall and Internet Protocol security (IPsec) policies and implements user mode filtering. Stopping or disabling the BFE service will significantly reduce the security of the system. It will also result in unpredictable behavior in IPsec management and firewall applications.","False","C:\WINDOWS\system32\svchost.exe -k LocalServiceNoNetworkFirewall -p","Automatic","BFE","System.ServiceProcess.ServiceController[]","False","False","True","Base Filtering Engine",,".","BFE","System.ServiceProcess.ServiceController[]","Automatic",,"Running","Win32ShareProcess",,
"LocalSystem","Transfers files in the background using idle network bandwidth. If the service is disabled, then any applications that depend on BITS, such as Windows Update or MSN Explorer, will be unable to automatically download programs and other information.","True","C:\WINDOWS\System32\svchost.exe -k netsvcs -p","AutomaticDelayedStart","BITS","System.ServiceProcess.ServiceController[]","False","False","True","Background Intelligent Transfer Service","System.ServiceProcess.ServiceController[]",".","BITS","System.ServiceProcess.ServiceController[]","Automatic",,"Running","Win32OwnProcess, Win32ShareProcess",,
"","The Bluetooth user service supports proper functionality of Bluetooth features relevant to each user session.","False","C:\WINDOWS\system32\svchost.exe -k BthAppGroup -p","Manual","BluetoothUserService_1997b6","System.ServiceProcess.ServiceController[]","False","False","True","Bluetooth User Support Service_1997b6","System.ServiceProcess.ServiceController[]",".","BluetoothUserService_1997b6","System.ServiceProcess.ServiceController[]","Manual",,"Running","240",,
"LocalSystem","Enables hardware devices and software services to automatically configure themselves on the network and advertise their presence.","False","""C:\Program Files\Bonjour\mDNSResponder.exe""","Automatic","Bonjour Service","System.ServiceProcess.ServiceController[]","False","True","True","Bonjour Service","System.ServiceProcess.ServiceController[]",".","Bonjour Service","System.ServiceProcess.ServiceController[]","Automatic",,"Running","Win32OwnProcess",,
"LocalSystem","Windows infrastructure service that controls which background tasks can run on the system.","False","C:\WINDOWS\system32\svchost.exe -k DcomLaunch -p","Automatic","BrokerInfrastructure","System.ServiceProcess.ServiceController[]","False","False","False","Background Tasks Infrastructure Service",,".","BrokerInfrastructure","System.ServiceProcess.ServiceController[]","Automatic",,"Running","Win32ShareProcess",,
"LocalSystem","Maintains an updated list of computers on the network and supplies this list to computers designated as browsers. If this service is stopped, this list will not be updated or maintained. If this service is disabled, any services that explicitly depend on it will fail to start.","False","C:\WINDOWS\System32\svchost.exe -k netsvcs -p","Manual","Browser","System.ServiceProcess.ServiceController[]","False","False","True","Computer Browser","System.ServiceProcess.ServiceController[]",".","Browser","System.ServiceProcess.ServiceController[]","Manual",,"Running","Win32OwnProcess, Win32ShareProcess",,
"NT AUTHORITY\LocalService","Service supporting the audio gateway role of the Bluetooth Handsfree Profile.","False","C:\WINDOWS\system32\svchost.exe -k LocalServiceNetworkRestricted","Manual","BTAGService","System.ServiceProcess.ServiceController[]","False","False","True","Bluetooth Audio Gateway Service","System.ServiceProcess.ServiceController[]",".","BTAGService","System.ServiceProcess.ServiceController[]","Manual",,"Running","Win32OwnProcess, Win32ShareProcess",,
"NT AUTHORITY\LocalService","This is Audio Video Control Transport Protocol service","False","C:\WINDOWS\system32\svchost.exe -k LocalService -p","Manual","BthAvctpSvc","System.ServiceProcess.ServiceController[]","False","False","True","AVCTP service","System.ServiceProcess.ServiceController[]",".","BthAvctpSvc","System.ServiceProcess.ServiceController[]","Manual",,"Running","Win32OwnProcess, Win32ShareProcess",,
"NT AUTHORITY\LocalService","The Bluetooth service supports discovery and association of remote Bluetooth devices.  Stopping or disabling this service may cause already installed Bluetooth devices to fail to operate properly and prevent new devices from being discovered or associated.","False","C:\WINDOWS\system32\svchost.exe -k LocalService -p","Manual","bthserv","System.ServiceProcess.ServiceController[]","False","True","True","Bluetooth Support Service","System.ServiceProcess.ServiceController[]",".","bthserv","System.ServiceProcess.ServiceController[]","Manual",,"Running","Win32OwnProcess, Win32ShareProcess",,
"LocalSystem","Provides facilities for managing UWP apps access to app capabilities as well as checking an app's access to specific app capabilities","False","C:\WINDOWS\system32\svchost.exe -k osprivacy -p","Manual","camsvc","System.ServiceProcess.ServiceController[]","False","True","True","Capability Access Manager Service","System.ServiceProcess.ServiceController[]",".","camsvc","System.ServiceProcess.ServiceController[]","Manual",,"Running","Win32OwnProcess, Win32ShareProcess",,
"","This user service is used for Clipboard scenarios","True","C:\WINDOWS\system32\svchost.exe -k ClipboardSvcGroup -p","AutomaticDelayedStart","cbdhsvc_1997b6","System.ServiceProcess.ServiceController[]","False","False","True","Clipboard User Service_1997b6","System.ServiceProcess.ServiceController[]",".","cbdhsvc_1997b6","System.ServiceProcess.ServiceController[]","Automatic",,"Running","240",,
"NT AUTHORITY\LocalService","This service is used for Connected Devices Platform scenarios","True","C:\WINDOWS\system32\svchost.exe -k LocalService -p","AutomaticDelayedStart","CDPSvc","System.ServiceProcess.ServiceController[]","False","False","True","Connected Devices Platform Service","System.ServiceProcess.ServiceController[]",".","CDPSvc","System.ServiceProcess.ServiceController[]","Automatic",,"Running","Win32OwnProcess, Win32ShareProcess",,
"","This user service is used for Connected Devices Platform scenarios","False","C:\WINDOWS\system32\svchost.exe -k UnistackSvcGroup","Automatic","CDPUserSvc_1997b6","System.ServiceProcess.ServiceController[]","False","False","True","Connected Devices Platform User Service_1997b6","System.ServiceProcess.ServiceController[]",".","CDPUserSvc_1997b6","System.ServiceProcess.ServiceController[]","Automatic",,"Running","240",,
"LocalSystem","This service enables incoming connections from Chrome Remote Desktop clients.","False","""C:\Program Files (x86)\Google\Chrome Remote Desktop\112.0.5615.26\remoting_host.exe"" --type=daemon --host-config=""C:\ProgramData\Google\Chrome Remote Desktop\host.json""","Automatic","chromoting","System.ServiceProcess.ServiceController[]","False","True","True","Chrome Remote Desktop Service","System.ServiceProcess.ServiceController[]",".","chromoting","System.ServiceProcess.ServiceController[]","Automatic",,"Running","Win32OwnProcess",,
"LocalSystem","‪Manages resource coordination, background streaming, and system integration of Microsoft Office products and their related updates. This service is required to run during the use of any Microsoft Office program, during initial streaming installation and all subsequent updates.‬","False","""C:\Program Files\Common Files\Microsoft Shared\ClickToRun\OfficeClickToRun.exe"" /service","Automatic","ClickToRunSvc","System.ServiceProcess.ServiceController[]","False","True","True","Microsoft Office Click-to-Run Service","System.ServiceProcess.ServiceController[]",".","ClickToRunSvc","System.ServiceProcess.ServiceController[]","Automatic",,"Running","Win32OwnProcess",,
"NT AUTHORITY\LocalService","Manages communication between system components.","False","C:\WINDOWS\system32\svchost.exe -k LocalServiceNoNetwork -p","Automatic","CoreMessagingRegistrar","System.ServiceProcess.ServiceController[]","False","False","False","CoreMessaging","System.ServiceProcess.ServiceController[]",".","CoreMessagingRegistrar","System.ServiceProcess.ServiceController[]","Automatic",,"Running","Win32ShareProcess",,
"LocalSystem","Intel(R) Content Protection HECI Service - enables communication with the Content Protection FW","False","C:\WINDOWS\System32\DriverStore\FileRepository\iigd_dch.inf_amd64_156dc23a4fab3900\IntelCpHeciSvc.exe","Manual","cphs","System.ServiceProcess.ServiceController[]","False","False","True","Intel(R) Content Protection HECI Service","System.ServiceProcess.ServiceController[]",".","cphs","System.ServiceProcess.ServiceController[]","Manual",,"Running","Win32OwnProcess",,
"LocalSystem","Intel(R) Content Protection HDCP Service - enables communication with Content Protection HDCP HW","False","C:\WINDOWS\System32\DriverStore\FileRepository\iigd_dch.inf_amd64_156dc23a4fab3900\IntelCpHDCPSvc.exe","Automatic","cplspcon","System.ServiceProcess.ServiceController[]","False","False","True","Intel(R) Content Protection HDCP Service","System.ServiceProcess.ServiceController[]",".","cplspcon","System.ServiceProcess.ServiceController[]","Automatic",,"Running","Win32OwnProcess",,
"NT Authority\NetworkService","Provides three management services: Catalog Database Service, which confirms the signatures of Windows files and allows new programs to be installed; Protected Root Service, which adds and removes Trusted Root Certification Authority certificates from this computer; and Automatic Root Certificate Update Service, which retrieves root certificates from Windows Update and enable scenarios such as SSL. If this service is stopped, these management services will not function properly. If this service is disabled, any services that explicitly depend on it will fail to start.","False","C:\WINDOWS\system32\svchost.exe -k NetworkService -p","Automatic","CryptSvc","System.ServiceProcess.ServiceController[]","False","True","True","Cryptographic Services","System.ServiceProcess.ServiceController[]",".","CryptSvc","System.ServiceProcess.ServiceController[]","Automatic",,"Running","Win32OwnProcess",,
"LocalSystem","The DCOMLAUNCH service launches COM and DCOM servers in response to object activation requests. If this service is stopped or disabled, programs using COM or DCOM will not function properly. It is strongly recommended that you have the DCOMLAUNCH service running.","False","C:\WINDOWS\system32\svchost.exe -k DcomLaunch -p","Automatic","DcomLaunch","System.ServiceProcess.ServiceController[]","False","False","False","DCOM Server Process Launcher",,".","DcomLaunch","System.ServiceProcess.ServiceController[]","Automatic",,"Running","Win32ShareProcess",,
"LocalSystem","Dell Data Vault Service API exposes a COM API for working with the DDV services","True","""C:\Program Files\Dell\DellDataVault\DDVCollectorSvcApi.exe""","AutomaticDelayedStart","DDVCollectorSvcApi","System.ServiceProcess.ServiceController[]","False","False","True","Dell Data Vault Service API","System.ServiceProcess.ServiceController[]",".","DDVCollectorSvcApi","System.ServiceProcess.ServiceController[]","Automatic",,"Running","Win32OwnProcess",,
"LocalSystem","DDV Collector service gathers system information and stores it for later use","True","""C:\Program Files\Dell\DellDataVault\DDVDataCollector.exe""","AutomaticDelayedStart","DDVDataCollector","System.ServiceProcess.ServiceController[]","False","True","True","Dell Data Vault Collector","System.ServiceProcess.ServiceController[]",".","DDVDataCollector","System.ServiceProcess.ServiceController[]","Automatic",,"Running","Win32OwnProcess",,
"LocalSystem","DDV Rules Processor generates alerts based on data collected by DDV Collector service","True","""C:\Program Files\Dell\DellDataVault\DDVRulesProcessor.exe""","AutomaticDelayedStart","DDVRulesProcessor","System.ServiceProcess.ServiceController[]","False","True","True","Dell Data Vault Processor","System.ServiceProcess.ServiceController[]",".","DDVRulesProcessor","System.ServiceProcess.ServiceController[]","Automatic",,"Running","Win32OwnProcess",,
"LocalSystem","Enables Dell applications to manage Dell specific features of the system. If this service is stopped, any services that explicitly depend on it will cause this service to be restarted. If this service is disabled, any services that explicitly depend on it will fail to function.","True","""C:\Program Files (x86)\Dell\UpdateService\ServiceShell.exe""","AutomaticDelayedStart","DellClientManagementService","System.ServiceProcess.ServiceController[]","False","True","True","Alienware Client Management Service","System.ServiceProcess.ServiceController[]",".","DellClientManagementService","System.ServiceProcess.ServiceController[]","Automatic",,"Running","Win32OwnProcess",,
"LocalSystem","Foundational service managing Dell applications through Dell TechHub","True","""C:\Program Files\Dell\TechHub\Dell.TechHub.exe""","AutomaticDelayedStart","DellTechHub","System.ServiceProcess.ServiceController[]","False","True","True","Dell TechHub","System.ServiceProcess.ServiceController[]",".","DellTechHub","System.ServiceProcess.ServiceController[]","Automatic",,"Running","Win32OwnProcess",,
"LocalSystem","Enables pairing between the system and wired or wireless devices.","False","C:\WINDOWS\system32\svchost.exe -k LocalSystemNetworkRestricted -p","Automatic","DeviceAssociationService","System.ServiceProcess.ServiceController[]","False","True","True","Device Association Service","System.ServiceProcess.ServiceController[]",".","DeviceAssociationService","System.ServiceProcess.ServiceController[]","Automatic",,"Running","Win32OwnProcess, Win32ShareProcess",,
"LocalSystem","Enables a computer to recognize and adapt to hardware changes with little or no user input. Stopping or disabling this service will result in system instability.","False","C:\WINDOWS\system32\svchost.exe -k DcomLaunch -p","Manual","DeviceInstall","System.ServiceProcess.ServiceController[]","False","False","True","Device Install Service","System.ServiceProcess.ServiceController[]",".","DeviceInstall","System.ServiceProcess.ServiceController[]","Manual",,"Running","Win32OwnProcess, Win32ShareProcess",,
"","Allows ConnectUX and PC Settings to Connect and Pair with WiFi displays and Bluetooth devices.","False","C:\WINDOWS\system32\svchost.exe -k DevicesFlow","Manual","DevicesFlowUserSvc_1997b6","System.ServiceProcess.ServiceController[]","False","False","True","DevicesFlow_1997b6","System.ServiceProcess.ServiceController[]",".","DevicesFlowUserSvc_1997b6","System.ServiceProcess.ServiceController[]","Manual",,"Running","240",,
"NT Authority\LocalService","Registers and updates IP addresses and DNS records for this computer. If this service is stopped, this computer will not receive dynamic IP addresses and DNS updates. If this service is disabled, any services that explicitly depend on it will fail to start.","False","C:\WINDOWS\system32\svchost.exe -k LocalServiceNetworkRestricted -p","Automatic","Dhcp","System.ServiceProcess.ServiceController[]","False","True","True","DHCP Client","System.ServiceProcess.ServiceController[]",".","Dhcp","System.ServiceProcess.ServiceController[]","Automatic",,"Running","Win32OwnProcess, Win32ShareProcess",,
"LocalSystem","The Connected User Experiences and Telemetry service enables features that support in-application and connected user experiences. Additionally, this service manages the event driven collection and transmission of diagnostic and usage information (used to improve the experience and quality of the Windows Platform) when the diagnostics and usage privacy option settings are enabled under Feedback and Diagnostics.","False","C:\WINDOWS\System32\svchost.exe -k utcsvc -p","Automatic","DiagTrack","System.ServiceProcess.ServiceController[]","False","True","True","Connected User Experiences and Telemetry","System.ServiceProcess.ServiceController[]",".","DiagTrack","System.ServiceProcess.ServiceController[]","Automatic",,"Running","Win32OwnProcess",,
"NT AUTHORITY\LocalService","Manages the connection and configuration of local and remote displays","False","C:\WINDOWS\system32\svchost.exe -k LocalService -p","Automatic","DispBrokerDesktopSvc","System.ServiceProcess.ServiceController[]","False","False","True","Display Policy Service","System.ServiceProcess.ServiceController[]",".","DispBrokerDesktopSvc","System.ServiceProcess.ServiceController[]","Automatic",,"Running","Win32OwnProcess, Win32ShareProcess",,
"LocalSystem","A service for managing display enhancement such as brightness control.","False","C:\WINDOWS\system32\svchost.exe -k LocalSystemNetworkRestricted -p","Manual","DisplayEnhancementService","System.ServiceProcess.ServiceController[]","False","False","True","Display Enhancement Service","System.ServiceProcess.ServiceController[]",".","DisplayEnhancementService","System.ServiceProcess.ServiceController[]","Manual",,"Running","Win32OwnProcess, Win32ShareProcess",,
"NT AUTHORITY\NetworkService","The DNS Client service (dnscache) caches Domain Name System (DNS) names and registers the full computer name for this computer. If the service is stopped, DNS names will continue to be resolved. However, the results of DNS name queries will not be cached and the computer's name will not be registered. If the service is disabled, any services that explicitly depend on it will fail to start.","False","C:\WINDOWS\system32\svchost.exe -k NetworkService -p","Automatic","Dnscache","System.ServiceProcess.ServiceController[]","False","False","False","DNS Client","System.ServiceProcess.ServiceController[]",".","Dnscache","System.ServiceProcess.ServiceController[]","Automatic",,"Running","Win32OwnProcess",,
"NT Authority\NetworkService","Performs content delivery optimization tasks","True","C:\WINDOWS\System32\svchost.exe -k NetworkService -p","AutomaticDelayedStart","DoSvc","System.ServiceProcess.ServiceController[]","False","False","True","Delivery Optimization","System.ServiceProcess.ServiceController[]",".","DoSvc","System.ServiceProcess.ServiceController[]","Automatic",,"Running","Win32OwnProcess",,
"NT AUTHORITY\LocalService","The Diagnostic Policy Service enables problem detection, troubleshooting and resolution for Windows components.  If this service is stopped, diagnostics will no longer function.","False","C:\WINDOWS\System32\svchost.exe -k LocalServiceNoNetwork -p","Automatic","DPS","System.ServiceProcess.ServiceController[]","False","True","True","Diagnostic Policy Service","System.ServiceProcess.ServiceController[]",".","DPS","System.ServiceProcess.ServiceController[]","Automatic",,"Running","Win32OwnProcess, Win32ShareProcess",,
"LocalSystem","Provides data brokering between applications.","False","C:\WINDOWS\System32\svchost.exe -k LocalSystemNetworkRestricted -p","Manual","DsSvc","System.ServiceProcess.ServiceController[]","False","False","True","Data Sharing Service","System.ServiceProcess.ServiceController[]",".","DsSvc","System.ServiceProcess.ServiceController[]","Manual",,"Running","Win32OwnProcess, Win32ShareProcess",,
"NT Authority\LocalService","Network data usage, data limit, restrict background data, metered networks.","False","C:\WINDOWS\System32\svchost.exe -k LocalServiceNetworkRestricted -p","Automatic","DusmSvc","System.ServiceProcess.ServiceController[]","False","False","True","Data Usage","System.ServiceProcess.ServiceController[]",".","DusmSvc","System.ServiceProcess.ServiceController[]","Automatic",,"Running","Win32OwnProcess",,
"LocalSystem","Provides the core file encryption technology used to store encrypted files on NTFS file system volumes. If this service is stopped or disabled, applications will be unable to access encrypted files.","False","C:\WINDOWS\System32\lsass.exe","Manual","EFS","System.ServiceProcess.ServiceController[]","False","False","False","Encrypting File System (EFS)","System.ServiceProcess.ServiceController[]",".","EFS","System.ServiceProcess.ServiceController[]","Manual",,"Running","Win32ShareProcess",,
"LocalSystem","Intel(R) Dynamic Tuning service","False","""C:\WINDOWS\System32\DriverStore\FileRepository\dptf_cpu.inf_amd64_c2c5b0e17a28a48f\esif_uf.exe""","Automatic","esifsvc","System.ServiceProcess.ServiceController[]","True","False","True","Intel(R) Dynamic Tuning service","System.ServiceProcess.ServiceController[]",".","esifsvc","System.ServiceProcess.ServiceController[]","Automatic",,"Running","Win32OwnProcess",,
"NT AUTHORITY\LocalService","This service manages events and event logs. It supports logging events, querying events, subscribing to events, archiving event logs, and managing event metadata. It can display events in both XML and plain text format. Stopping this service may compromise security and reliability of the system.","False","C:\WINDOWS\System32\svchost.exe -k LocalServiceNetworkRestricted -p","Automatic","EventLog","System.ServiceProcess.ServiceController[]","False","True","True","Windows Event Log","System.ServiceProcess.ServiceController[]",".","EventLog","System.ServiceProcess.ServiceController[]","Automatic",,"Running","Win32OwnProcess, Win32ShareProcess",,
"NT AUTHORITY\LocalService","Supports System Event Notification Service (SENS), which provides automatic distribution of events to subscribing Component Object Model (COM) components. If the service is stopped, SENS will close and will not be able to provide logon and logoff notifications. If this service is disabled, any services that explicitly depend on it will fail to start.","False","C:\WINDOWS\system32\svchost.exe -k LocalService -p","Automatic","EventSystem","System.ServiceProcess.ServiceController[]","False","False","True","COM+ Event System","System.ServiceProcess.ServiceController[]",".","EventSystem","System.ServiceProcess.ServiceController[]","Automatic",,"Running","Win32OwnProcess, Win32ShareProcess",,
"NT AUTHORITY\LocalService","The FDPHOST service hosts the Function Discovery (FD) network discovery providers. These FD providers supply network discovery services for the Simple Services Discovery Protocol (SSDP) and Web Services – Discovery (WS-D) protocol. Stopping or disabling the FDPHOST service will disable network discovery for these protocols when using FD. When this service is unavailable, network services using FD and relying on these discovery protocols will be unable to find network devices or resources.","False","C:\WINDOWS\system32\svchost.exe -k LocalService -p","Manual","fdPHost","System.ServiceProcess.ServiceController[]","False","False","True","Function Discovery Provider Host","System.ServiceProcess.ServiceController[]",".","fdPHost","System.ServiceProcess.ServiceController[]","Manual",,"Running","Win32OwnProcess, Win32ShareProcess",,
"NT AUTHORITY\LocalService","Publishes this computer and resources attached to this computer so they can be discovered over the network.  If this service is stopped, network resources will no longer be published and they will not be discovered by other computers on the network.","False","C:\WINDOWS\system32\svchost.exe -k LocalServiceAndNoImpersonation -p","Manual","FDResPub","System.ServiceProcess.ServiceController[]","False","True","True","Function Discovery Resource Publication","System.ServiceProcess.ServiceController[]",".","FDResPub","System.ServiceProcess.ServiceController[]","Manual",,"Running","Win32OwnProcess, Win32ShareProcess",,
"NT AUTHORITY\LocalService","Optimizes performance of applications by caching commonly used font data. Applications will start this service if it is not already running. It can be disabled, though doing so will degrade application performance.","False","C:\WINDOWS\system32\svchost.exe -k LocalService -p","Automatic","FontCache","System.ServiceProcess.ServiceController[]","False","True","True","Windows Font Cache Service","System.ServiceProcess.ServiceController[]",".","FontCache","System.ServiceProcess.ServiceController[]","Automatic",,"Running","Win32OwnProcess, Win32ShareProcess",,
"NT Authority\LocalService","Optimizes performance of Windows Presentation Foundation (WPF) applications by caching commonly used font data. WPF applications will start this service if it is not already running. It can be disabled, though doing so will degrade the performance of WPF applications.","False","C:\WINDOWS\Microsoft.Net\Framework64\v3.0\WPF\PresentationFontCache.exe","Manual","FontCache3.0.0.0","System.ServiceProcess.ServiceController[]","False","True","True","Windows Presentation Foundation Font Cache 3.0.0.0","System.ServiceProcess.ServiceController[]",".","FontCache3.0.0.0","System.ServiceProcess.ServiceController[]","Manual",,"Running","Win32OwnProcess",,
"LocalSystem","Host service for GameInput.","False","""C:\Program Files (x86)\Microsoft GameInput\x64\gameinputsvc.exe""","Automatic","GameInput Service","System.ServiceProcess.ServiceController[]","False","True","True","GameInput Service","System.ServiceProcess.ServiceController[]",".","GameInput Service","System.ServiceProcess.ServiceController[]","Automatic",,"Running","Win32OwnProcess",,
"LocalSystem","Gaming Services","False","""C:\Program Files\WindowsApps\Microsoft.GamingServices_11.75.22001.0_x64__8wekyb3d8bbwe\GamingServices.exe""","Automatic","GamingServices","System.ServiceProcess.ServiceController[]","False","True","True","Gaming Services","System.ServiceProcess.ServiceController[]",".","GamingServices","System.ServiceProcess.ServiceController[]","Automatic",,"Running","528",,
"NT AUTHORITY\LocalService","Gaming Services","False","""C:\Program Files\WindowsApps\Microsoft.GamingServices_11.75.22001.0_x64__8wekyb3d8bbwe\GamingServicesNet.exe""","Automatic","GamingServicesNet","System.ServiceProcess.ServiceController[]","False","False","True","Gaming Services","System.ServiceProcess.ServiceController[]",".","GamingServicesNet","System.ServiceProcess.ServiceController[]","Automatic",,"Running","528",,
"LocalSystem","Activates and maintains the use of hot buttons on keyboards, remote controls, and other multimedia devices. It is recommended that you keep this service running.","False","C:\WINDOWS\system32\svchost.exe -k LocalSystemNetworkRestricted -p","Manual","hidserv","System.ServiceProcess.ServiceController[]","False","True","True","Human Interface Device Service","System.ServiceProcess.ServiceController[]",".","hidserv","System.ServiceProcess.ServiceController[]","Manual",,"Running","Win32OwnProcess, Win32ShareProcess",,
"LocalSystem","Service for Intel(R) Graphics Command Center","False","C:\WINDOWS\System32\DriverStore\FileRepository\igcc_dch.inf_amd64_9cf4db1a1fd1b22d\OneApp.IGCC.WinService.exe","Automatic","igccservice","System.ServiceProcess.ServiceController[]","True","True","True","Intel(R) Graphics Command Center Service","System.ServiceProcess.ServiceController[]",".","igccservice","System.ServiceProcess.ServiceController[]","Automatic",,"Running","Win32OwnProcess",,
"LocalSystem","Service for Intel(R) HD Graphics Control Panel","False","C:\WINDOWS\System32\DriverStore\FileRepository\cui_dch.inf_amd64_7208949846a9b9dc\igfxCUIService.exe","Automatic","igfxCUIService2.0.0.0","System.ServiceProcess.ServiceController[]","False","False","True","Intel(R) HD Graphics Control Panel Service","System.ServiceProcess.ServiceController[]",".","igfxCUIService2.0.0.0","System.ServiceProcess.ServiceController[]","Automatic",,"Running","Win32OwnProcess",,
"LocalSystem","The IKEEXT service hosts the Internet Key Exchange (IKE) and Authenticated Internet Protocol (AuthIP) keying modules. These keying modules are used for authentication and key exchange in Internet Protocol security (IPsec). Stopping or disabling the IKEEXT service will disable IKE and AuthIP key exchange with peer computers. IPsec is typically configured to use IKE or AuthIP; therefore, stopping or disabling the IKEEXT service might result in an IPsec failure and might compromise the security of the system. It is strongly recommended that you have the IKEEXT service running.","False","C:\WINDOWS\system32\svchost.exe -k netsvcs -p","Automatic","IKEEXT","System.ServiceProcess.ServiceController[]","False","True","True","IKE and AuthIP IPsec Keying Modules","System.ServiceProcess.ServiceController[]",".","IKEEXT","System.ServiceProcess.ServiceController[]","Automatic",,"Running","Win32OwnProcess, Win32ShareProcess",,
"LocalSystem","Provides infrastructure support for the Microsoft Store.  This service is started on demand and if disabled then installations will not function properly.","False","C:\WINDOWS\System32\svchost.exe -k netsvcs -p","Manual","InstallService","System.ServiceProcess.ServiceController[]","False","False","True","Microsoft Store Install Service","System.ServiceProcess.ServiceController[]",".","InstallService","System.ServiceProcess.ServiceController[]","Manual",,"Running","Win32OwnProcess",,
"LocalSystem","Provides tunnel connectivity using IPv6 transition technologies (6to4, ISATAP, Port Proxy, and Teredo), and IP-HTTPS. If this service is stopped, the computer will not have the enhanced connectivity benefits that these technologies offer.","False","C:\WINDOWS\System32\svchost.exe -k NetSvcs -p","Automatic","iphlpsvc","System.ServiceProcess.ServiceController[]","False","False","True","IP Helper","System.ServiceProcess.ServiceController[]",".","iphlpsvc","System.ServiceProcess.ServiceController[]","Automatic",,"Running","Win32OwnProcess, Win32ShareProcess",,
"LocalSystem","Intel(R) Dynamic Application Loader Host Interface Service - Allows applications to access the local Intel (R) DAL","True","C:\WINDOWS\System32\DriverStore\FileRepository\dal.inf_amd64_b5484efd38adbe8d\jhi_service.exe","AutomaticDelayedStart","jhi_service","System.ServiceProcess.ServiceController[]","False","False","True","Intel(R) Dynamic Application Loader Host Interface Service","System.ServiceProcess.ServiceController[]",".","jhi_service","System.ServiceProcess.ServiceController[]","Automatic",,"Running","Win32OwnProcess",,
"LocalSystem","Offers Wifi related suggestions to the Killer Network Service","False","C:\WINDOWS\System32\drivers\RivetNetworks\Killer\KAPSService.exe","Manual","KAPSService","System.ServiceProcess.ServiceController[]","False","True","True","Killer Smart AP Selection Service","System.ServiceProcess.ServiceController[]",".","KAPSService","System.ServiceProcess.ServiceController[]","Manual",,"Running","Win32OwnProcess",,
"LocalSystem","The CNG key isolation service is hosted in the LSA process. The service provides key process isolation to private keys and associated cryptographic operations as required by the Common Criteria. The service stores and uses long-lived keys in a secure process complying with Common Criteria requirements.","False","C:\WINDOWS\system32\lsass.exe","Manual","KeyIso","System.ServiceProcess.ServiceController[]","False","False","True","CNG Key Isolation","System.ServiceProcess.ServiceController[]",".","KeyIso","System.ServiceProcess.ServiceController[]","Manual",,"Running","Win32ShareProcess",,
"LocalSystem","Killer Analytics Service","False","C:\WINDOWS\System32\drivers\RivetNetworks\Killer\KillerAnalyticsService.exe","Automatic","Killer Analytics Service","System.ServiceProcess.ServiceController[]","False","True","True","Killer Analytics Service","System.ServiceProcess.ServiceController[]",".","Killer Analytics Service","System.ServiceProcess.ServiceController[]","Automatic",,"Running","Win32OwnProcess",,
"LocalSystem","Killer Network Service provides the Killer software functionality","False","C:\WINDOWS\System32\drivers\RivetNetworks\Killer\KillerNetworkService.exe","Automatic","Killer Network Service","System.ServiceProcess.ServiceController[]","False","True","True","Killer Network Service","System.ServiceProcess.ServiceController[]",".","Killer Network Service","System.ServiceProcess.ServiceController[]","Automatic",,"Running","Win32OwnProcess",,
"LocalSystem","This service dynamically manages bandwidth settings based on detection of internet traffic congestion.","False","C:\WINDOWS\System32\drivers\RivetNetworks\Killer\KNDBWMService.exe","Manual","KNDBWM","System.ServiceProcess.ServiceController[]","False","True","True","Killer Dynamic Bandwidth Management","System.ServiceProcess.ServiceController[]",".","KNDBWM","System.ServiceProcess.ServiceController[]","Manual",,"Running","Win32OwnProcess",,
"LocalSystem","Supports file, print, and named-pipe sharing over the network for this computer. If this service is stopped, these functions will be unavailable. If this service is disabled, any services that explicitly depend on it will fail to start.","False","C:\WINDOWS\system32\svchost.exe -k netsvcs -p","Automatic","LanmanServer","System.ServiceProcess.ServiceController[]","False","False","True","Server","System.ServiceProcess.ServiceController[]",".","LanmanServer","System.ServiceProcess.ServiceController[]","Automatic",,"Running","Win32OwnProcess, Win32ShareProcess",,
"NT AUTHORITY\NetworkService","Creates and maintains client network connections to remote servers using the SMB protocol. If this service is stopped, these connections will be unavailable. If this service is disabled, any services that explicitly depend on it will fail to start.","False","C:\WINDOWS\System32\svchost.exe -k NetworkService -p","Automatic","LanmanWorkstation","System.ServiceProcess.ServiceController[]","True","False","True","Workstation","System.ServiceProcess.ServiceController[]",".","LanmanWorkstation","System.ServiceProcess.ServiceController[]","Automatic",,"Running","Win32OwnProcess, Win32ShareProcess",,
"LocalSystem","This service monitors the current location of the system and manages geofences (a geographical location with associated events).  If you turn off this service, applications will be unable to use or receive notifications for geolocation or geofences.","False","C:\WINDOWS\system32\svchost.exe -k netsvcs -p","Manual","lfsvc","System.ServiceProcess.ServiceController[]","False","False","True","Geolocation Service","System.ServiceProcess.ServiceController[]",".","lfsvc","System.ServiceProcess.ServiceController[]","Manual",,"Running","Win32OwnProcess, Win32ShareProcess",,
"NT Authority\LocalService","Provides infrastructure support for the Microsoft Store.  This service is started on demand and if disabled then content acquired through the Microsoft Store will not function properly.","False","C:\WINDOWS\System32\svchost.exe -k LocalService -p","Manual","LicenseManager","System.ServiceProcess.ServiceController[]","False","False","True","Windows License Manager Service","System.ServiceProcess.ServiceController[]",".","LicenseManager","System.ServiceProcess.ServiceController[]","Manual",,"Running","Win32OwnProcess, Win32ShareProcess",,
"NT AUTHORITY\LocalService","Provides support for the NetBIOS over TCP/IP (NetBT) service and NetBIOS name resolution for clients on the network, therefore enabling users to share files, print, and log on to the network. If this service is stopped, these functions might be unavailable. If this service is disabled, any services that explicitly depend on it will fail to start.","False","C:\WINDOWS\System32\svchost.exe -k LocalServiceNetworkRestricted -p","Manual","lmhosts","System.ServiceProcess.ServiceController[]","False","False","True","TCP/IP NetBIOS Helper","System.ServiceProcess.ServiceController[]",".","lmhosts","System.ServiceProcess.ServiceController[]","Manual",,"Running","Win32OwnProcess, Win32ShareProcess",,
"LocalSystem","Core Windows Service that manages local user sessions. Stopping or disabling this service will result in system instability.","False","C:\WINDOWS\system32\svchost.exe -k DcomLaunch -p","Automatic","LSM","System.ServiceProcess.ServiceController[]","False","False","False","Local Session Manager","System.ServiceProcess.ServiceController[]",".","LSM","System.ServiceProcess.ServiceController[]","Automatic",,"Running","Win32OwnProcess, Win32ShareProcess",,
"NT Authority\LocalService","Windows Defender Firewall helps protect your computer by preventing unauthorized users from gaining access to your computer through the Internet or a network.","False","C:\WINDOWS\system32\svchost.exe -k LocalServiceNoNetworkFirewall -p","Automatic","mpssvc","System.ServiceProcess.ServiceController[]","False","False","False","Windows Defender Firewall",,".","mpssvc","System.ServiceProcess.ServiceController[]","Automatic",,"Running","Win32ShareProcess",,
"LocalSystem","Nahimic service","False","""C:\WINDOWS\system32\NahimicService.exe""","Automatic","NahimicService","System.ServiceProcess.ServiceController[]","False","True","True","Nahimic service","System.ServiceProcess.ServiceController[]",".","NahimicService","System.ServiceProcess.ServiceController[]","Automatic",,"Running","Win32OwnProcess",,
"LocalSystem","Brokers connections that allow Windows Store Apps to receive notifications from the internet.","False","C:\WINDOWS\System32\svchost.exe -k LocalSystemNetworkRestricted -p","Manual","NcbService","System.ServiceProcess.ServiceController[]","False","False","True","Network Connection Broker","System.ServiceProcess.ServiceController[]",".","NcbService","System.ServiceProcess.ServiceController[]","Manual",,"Running","Win32OwnProcess, Win32ShareProcess",,
"LocalSystem","Manages objects in the Network and Dial-Up Connections folder, in which you can view both local area network and remote connections.","False","C:\WINDOWS\System32\svchost.exe -k LocalSystemNetworkRestricted -p","Manual","Netman","System.ServiceProcess.ServiceController[]","False","False","True","Network Connections","System.ServiceProcess.ServiceController[]",".","Netman","System.ServiceProcess.ServiceController[]","Manual",,"Running","Win32OwnProcess, Win32ShareProcess",,
"NT AUTHORITY\NetworkService","Identifies the networks to which the computer has connected, collects and stores properties for these networks, and notifies applications when these properties change.","False","C:\WINDOWS\System32\svchost.exe -k netprofm -p","Manual","netprofm","System.ServiceProcess.ServiceController[]","False","False","True","Network List Service","System.ServiceProcess.ServiceController[]",".","netprofm","System.ServiceProcess.ServiceController[]","Manual",,"Running","Win32OwnProcess, Win32ShareProcess",,
"NT AUTHORITY\LocalService","Manages local user identity keys used to authenticate user to identity providers as well as TPM virtual smart cards. If this service is disabled, local user identity keys and TPM virtual smart cards will not be accessible. It is recommended that you do not reconfigure this service.","False","C:\WINDOWS\system32\svchost.exe -k LocalServiceNetworkRestricted -p","Manual","NgcCtnrSvc","System.ServiceProcess.ServiceController[]","False","False","True","Microsoft Passport Container",,".","NgcCtnrSvc","System.ServiceProcess.ServiceController[]","Manual",,"Running","Win32OwnProcess, Win32ShareProcess",,
"LocalSystem","Provides process isolation for cryptographic keys used to authenticate to a user’s associated identity providers. If this service is disabled, all uses and management of these keys will not be available, which includes machine logon and single-sign on for apps and websites. This service starts and stops automatically. It is recommended that you do not reconfigure this service.","False","C:\WINDOWS\system32\svchost.exe -k LocalSystemNetworkRestricted -p","Manual","NgcSvc","System.ServiceProcess.ServiceController[]","False","False","True","Microsoft Passport",,".","NgcSvc","System.ServiceProcess.ServiceController[]","Manual",,"Running","Win32OwnProcess, Win32ShareProcess",,
"LocalSystem","This service manages the detection, download, and installation of updates for NordSec products.","False","""C:\Program Files\NordUpdater\NordUpdateService.exe""","Automatic","NordUpdaterService","System.ServiceProcess.ServiceController[]","False","True","True","NordSec Update Service","System.ServiceProcess.ServiceController[]",".","NordUpdaterService","System.ServiceProcess.ServiceController[]","Automatic",,"Running","Win32OwnProcess",,
"LocalSystem",,"False","""C:\Program Files\NordVPN\nordvpn-service.exe""","Automatic","nordvpn-service","System.ServiceProcess.ServiceController[]","False","True","True","nordvpn-service","System.ServiceProcess.ServiceController[]",".","nordvpn-service","System.ServiceProcess.ServiceController[]","Automatic",,"Running","Win32OwnProcess",,
,,"False",,"Manual","NPSMSvc_1997b6","System.ServiceProcess.ServiceController[]","False","False","True","NPSMSvc_1997b6","System.ServiceProcess.ServiceController[]",".","NPSMSvc_1997b6","System.ServiceProcess.ServiceController[]","Manual",,"Running","240",,
"NT Authority\LocalService","This service delivers network notifications (e.g. interface addition/deleting etc) to user mode clients. Stopping this service will cause loss of network connectivity. If this service is disabled, any other services that explicitly depend on this service will fail to start.","False","C:\WINDOWS\system32\svchost.exe -k LocalService -p","Automatic","nsi","System.ServiceProcess.ServiceController[]","False","False","True","Network Store Interface Service","System.ServiceProcess.ServiceController[]",".","nsi","System.ServiceProcess.ServiceController[]","Automatic",,"Running","Win32OwnProcess, Win32ShareProcess",,
"LocalSystem","Container service for NVIDIA Broadcast features","False","""C:\Program Files\NVIDIA Corporation\NvBroadcast.NvContainer\NvBroadcast.Container.exe"" -s NvBroadcast.ContainerLocalSystem -f ""C:\ProgramData\NVIDIA\NvBroadcast.ContainerLocalSystem.log"" -l 3 -d ""C:\Program Files\NVIDIA Corporation\NvBroadcast.NvContainer\plugins\LocalSystem"" -r -p 30000 ","Automatic","NvBroadcast.ContainerLocalSystem","System.ServiceProcess.ServiceController[]","False","True","True","NVIDIA Broadcast LocalSystem Container","System.ServiceProcess.ServiceController[]",".","NvBroadcast.ContainerLocalSystem","System.ServiceProcess.ServiceController[]","Automatic",,"Running","Win32OwnProcess",,
"LocalSystem","Container service for NVIDIA root features","False","""C:\Program Files\NVIDIA Corporation\NvContainer\nvcontainer.exe"" -s NvContainerLocalSystem -f ""C:\ProgramData\NVIDIA\NvContainerLocalSystem.log"" -l 3 -d ""C:\Program Files\NVIDIA Corporation\NvContainer\plugins\LocalSystem"" -r -p 30000 -st ""C:\Program Files\NVIDIA Corporation\NvContainer\NvContainerTelemetryApi.dll""","Automatic","NvContainerLocalSystem","System.ServiceProcess.ServiceController[]","False","True","True","NVIDIA LocalSystem Container","System.ServiceProcess.ServiceController[]",".","NvContainerLocalSystem","System.ServiceProcess.ServiceController[]","Automatic",,"Running","Win32OwnProcess",,
"LocalSystem","Container service for NVIDIA root features","False","C:\WINDOWS\System32\DriverStore\FileRepository\nvdmi.inf_amd64_14e87c1a49e007a7\Display.NvContainer\NVDisplay.Container.exe -s NVDisplay.ContainerLocalSystem -f C:\ProgramData\NVIDIA\NVDisplay.ContainerLocalSystem.log -l 3 -d C:\WINDOWS\System32\DriverStore\FileRepository\nvdmi.inf_amd64_14e87c1a49e007a7\Display.NvContainer\plugins\LocalSystem -r -p 30000 -cfg NVDisplay.ContainerLocalSystem\LocalSystem","Automatic","NVDisplay.ContainerLocalSystem","System.ServiceProcess.ServiceController[]","False","True","True","NVIDIA Display Container LS","System.ServiceProcess.ServiceController[]",".","NVDisplay.ContainerLocalSystem","System.ServiceProcess.ServiceController[]","Automatic",,"Running","Win32OwnProcess",,
"","This service synchronizes mail, contacts, calendar and various other user data. Mail and other applications dependent on this functionality will not work properly when this service is not running.","True","C:\WINDOWS\system32\svchost.exe -k UnistackSvcGroup","AutomaticDelayedStart","OneSyncSvc_1997b6","System.ServiceProcess.ServiceController[]","False","False","True","Sync Host_1997b6","System.ServiceProcess.ServiceController[]",".","OneSyncSvc_1997b6","System.ServiceProcess.ServiceController[]","Automatic",,"Running","224",,
"LocalSystem","OpenVPN Access Client","False","""C:\Program Files (x86)\OpenVPN Technologies\OpenVPN Client\core\capiws.exe""","Automatic","OpenVPNAccessClient","System.ServiceProcess.ServiceController[]","False","False","True","OpenVPN Access Client","System.ServiceProcess.ServiceController[]",".","OpenVPNAccessClient","System.ServiceProcess.ServiceController[]","Automatic",,"Running","Win32OwnProcess",,
"LocalSystem","This service provides support for the Program Compatibility Assistant (PCA).  PCA monitors programs installed and run by the user and detects known compatibility problems. If this service is stopped, PCA will not function properly.","True","C:\WINDOWS\system32\svchost.exe -k LocalSystemNetworkRestricted -p","AutomaticDelayedStart","PcaSvc","System.ServiceProcess.ServiceController[]","False","True","True","Program Compatibility Assistant Service","System.ServiceProcess.ServiceController[]",".","PcaSvc","System.ServiceProcess.ServiceController[]","Automatic",,"Running","Win32OwnProcess, Win32ShareProcess",,
"NT Authority\LocalService","Manages the telephony state on the device","False","C:\WINDOWS\system32\svchost.exe -k LocalService -p","Manual","PhoneSvc","System.ServiceProcess.ServiceController[]","False","False","True","Phone Service","System.ServiceProcess.ServiceController[]",".","PhoneSvc","System.ServiceProcess.ServiceController[]","Manual",,"Running","Win32OwnProcess, Win32ShareProcess",,
"","Indexes contact data for fast contact searching. If you stop or disable this service, contacts might be missing from your search results.","False","C:\WINDOWS\system32\svchost.exe -k UnistackSvcGroup","Manual","PimIndexMaintenanceSvc_1997b6","System.ServiceProcess.ServiceController[]","False","False","True","Contact Data_1997b6","System.ServiceProcess.ServiceController[]",".","PimIndexMaintenanceSvc_1997b6","System.ServiceProcess.ServiceController[]","Manual",,"Running","224",,
"LocalSystem","Provides system optimization functionality","False","""C:\Program Files\Trend Micro\Titanium\plugin\Pt\PtSvcHost.exe""","Automatic","Platinum Host Service","System.ServiceProcess.ServiceController[]","False","True","True","Platinum Host Service","System.ServiceProcess.ServiceController[]",".","Platinum Host Service","System.ServiceProcess.ServiceController[]","Automatic",,"Running","Win32OwnProcess",,
"LocalSystem","Enables a computer to recognize and adapt to hardware changes with little or no user input. Stopping or disabling this service will result in system instability.","False","C:\WINDOWS\system32\svchost.exe -k DcomLaunch -p","Manual","PlugPlay","System.ServiceProcess.ServiceController[]","False","True","True","Plug and Play","System.ServiceProcess.ServiceController[]",".","PlugPlay","System.ServiceProcess.ServiceController[]","Manual",,"Running","Win32ShareProcess",,
"LocalSystem","Manages power policy and power policy notification delivery.","False","C:\WINDOWS\system32\svchost.exe -k DcomLaunch -p","Automatic","Power","System.ServiceProcess.ServiceController[]","False","False","False","Power","System.ServiceProcess.ServiceController[]",".","Power","System.ServiceProcess.ServiceController[]","Automatic",,"Running","Win32ShareProcess",,
"LocalSystem","This service is responsible for loading and unloading user profiles. If this service is stopped or disabled, users will no longer be able to successfully sign in or sign out, apps might have problems getting to users' data, and components registered to receive profile event notifications won't receive them.","False","C:\WINDOWS\system32\svchost.exe -k UserProfileService -p","Automatic","ProfSvc","System.ServiceProcess.ServiceController[]","False","True","True","User Profile Service","System.ServiceProcess.ServiceController[]",".","ProfSvc","System.ServiceProcess.ServiceController[]","Automatic",,"Running","Win32OwnProcess, Win32ShareProcess",,
"localSystem","Manages dial-up and virtual private network (VPN) connections from this computer to the Internet or other remote networks. If this service is disabled, any services that explicitly depend on it will fail to start.","False","C:\WINDOWS\System32\svchost.exe -k netsvcs","Manual","RasMan","System.ServiceProcess.ServiceController[]","False","True","True","Remote Access Connection Manager","System.ServiceProcess.ServiceController[]",".","RasMan","System.ServiceProcess.ServiceController[]","Manual",,"Running","Win32ShareProcess",,
"LocalSystem","Razer Chroma SDK web interface","False","""C:\Program Files (x86)\Razer Chroma SDK\bin\RzSDKServer.exe""","Automatic","Razer Chroma SDK Server","System.ServiceProcess.ServiceController[]","True","False","True","Razer Chroma SDK Server","System.ServiceProcess.ServiceController[]",".","Razer Chroma SDK Server","System.ServiceProcess.ServiceController[]","Automatic",,"Running","Win32OwnProcess",,
"LocalSystem","Provides access to Razer hardware for applications using Razer SDK","False","""C:\Program Files (x86)\Razer Chroma SDK\bin\RzSDKService.exe""","Automatic","Razer Chroma SDK Service","System.ServiceProcess.ServiceController[]","True","False","True","Razer Chroma SDK Service","System.ServiceProcess.ServiceController[]",".","Razer Chroma SDK Service","System.ServiceProcess.ServiceController[]","Automatic",,"Running","Win32OwnProcess",,
"LocalSystem","Provides access to the Razer Stream API","False","""C:\Program Files (x86)\Razer Chroma SDK\bin\RzChromaStreamServer.exe""","Automatic","Razer Chroma Stream Server","System.ServiceProcess.ServiceController[]","True","False","True","Razer Chroma Stream Server","System.ServiceProcess.ServiceController[]",".","Razer Chroma Stream Server","System.ServiceProcess.ServiceController[]","Automatic",,"Running","Win32OwnProcess",,
"LocalSystem","This service allows for Razer software applications and services to manage the games installed on the system.","False","""C:\Program Files (x86)\Razer\Razer Services\GMS\GameManagerService.exe""","Automatic","Razer Game Manager Service","System.ServiceProcess.ServiceController[]","False","True","True","Razer Game Manager","System.ServiceProcess.ServiceController[]",".","Razer Game Manager Service","System.ServiceProcess.ServiceController[]","Automatic",,"Running","Win32OwnProcess",,
"LocalSystem",,"False","""C:\Program Files (x86)\Razer\Synapse3\Service\Razer Synapse Service.exe""","Automatic","Razer Synapse Service","System.ServiceProcess.ServiceController[]","True","True","True","Razer Synapse Service","System.ServiceProcess.ServiceController[]",".","Razer Synapse Service","System.ServiceProcess.ServiceController[]","Automatic",,"Running","Win32OwnProcess",,
"NT AUTHORITY\LocalService","Radio Management and Airplane Mode Service","False","C:\WINDOWS\System32\svchost.exe -k LocalServiceNetworkRestricted","Manual","RmSvc","System.ServiceProcess.ServiceController[]","False","False","True","Radio Management Service","System.ServiceProcess.ServiceController[]",".","RmSvc","System.ServiceProcess.ServiceController[]","Manual",,"Running","Win32OwnProcess, Win32ShareProcess",,
"NT AUTHORITY\NetworkService","Resolves RPC interfaces identifiers to transport endpoints. If this service is stopped or disabled, programs using Remote Procedure Call (RPC) services will not function properly.","False","C:\WINDOWS\system32\svchost.exe -k RPCSS -p","Automatic","RpcEptMapper","System.ServiceProcess.ServiceController[]","False","False","False","RPC Endpoint Mapper",,".","RpcEptMapper","System.ServiceProcess.ServiceController[]","Automatic",,"Running","Win32ShareProcess",,
"NT AUTHORITY\NetworkService","The RPCSS service is the Service Control Manager for COM and DCOM servers. It performs object activations requests, object exporter resolutions and distributed garbage collection for COM and DCOM servers. If this service is stopped or disabled, programs using COM or DCOM will not function properly. It is strongly recommended that you have the RPCSS service running.","False","C:\WINDOWS\system32\svchost.exe -k rpcss -p","Automatic","RpcSs","System.ServiceProcess.ServiceController[]","False","False","False","Remote Procedure Call (RPC)",,".","RpcSs","System.ServiceProcess.ServiceController[]","Automatic",,"Running","Win32ShareProcess",,
"LocalSystem","RPC endpoint service which allows communication between driver and Windows Store Application","False","C:\WINDOWS\System32\DriverStore\FileRepository\iastorac.inf_amd64_d6e4236a0f82e7b4\RstMwService.exe","Automatic","RstMwService","System.ServiceProcess.ServiceController[]","False","True","True","Intel(R) Storage Middleware Service","System.ServiceProcess.ServiceController[]",".","RstMwService","System.ServiceProcess.ServiceController[]","Automatic",,"Running","Win32OwnProcess",,
"LocalSystem","Realtek Audio Universal Service","False","""C:\WINDOWS\System32\DriverStore\FileRepository\realtekservice.inf_amd64_719a4f3eb3c3c65a\RtkAudUService64.exe""","Automatic","RtkAudioUniversalService","System.ServiceProcess.ServiceController[]","False","True","True","Realtek Audio Universal Service","System.ServiceProcess.ServiceController[]",".","RtkAudioUniversalService","System.ServiceProcess.ServiceController[]","Automatic",,"Running","Win32OwnProcess",,
"LocalSystem",,"False","""C:\Program Files (x86)\Razer\Razer Services\Razer Central\RazerCentralService.exe""","Automatic","RzActionSvc","System.ServiceProcess.ServiceController[]","False","True","True","Razer Central Service","System.ServiceProcess.ServiceController[]",".","RzActionSvc","System.ServiceProcess.ServiceController[]","Automatic",,"Running","Win32OwnProcess",,
"LocalSystem","The startup of this service signals other services that the Security Accounts Manager (SAM) is ready to accept requests.  Disabling this service will prevent other services in the system from being notified when the SAM is ready, which may in turn cause those services to fail to start correctly. This service should not be disabled.","False","C:\WINDOWS\system32\lsass.exe","Automatic","SamSs","System.ServiceProcess.ServiceController[]","False","False","False","Security Accounts Manager","System.ServiceProcess.ServiceController[]",".","SamSs","System.ServiceProcess.ServiceController[]","Automatic",,"Running","Win32ShareProcess",,
"LocalSystem","Enables a user to configure and schedule automated tasks on this computer. The service also hosts multiple Windows system-critical tasks. If this service is stopped or disabled, these tasks will not be run at their scheduled times. If this service is disabled, any services that explicitly depend on it will fail to start.","False","C:\WINDOWS\system32\svchost.exe -k netsvcs -p","Automatic","Schedule","System.ServiceProcess.ServiceController[]","False","True","True","Task Scheduler","System.ServiceProcess.ServiceController[]",".","Schedule","System.ServiceProcess.ServiceController[]","Automatic",,"Running","Win32OwnProcess, Win32ShareProcess",,
"LocalSystem","Windows Security Service handles unified device protection and health information","False","C:\WINDOWS\system32\SecurityHealthService.exe","Manual","SecurityHealthService","System.ServiceProcess.ServiceController[]","False","False","False","Windows Security Service","System.ServiceProcess.ServiceController[]",".","SecurityHealthService","System.ServiceProcess.ServiceController[]","Manual",,"Running","Win32OwnProcess",,
"LocalSystem","Monitors system events and notifies subscribers to COM+ Event System of these events.","False","C:\WINDOWS\system32\svchost.exe -k netsvcs -p","Automatic","SENS","System.ServiceProcess.ServiceController[]","False","False","True","System Event Notification Service","System.ServiceProcess.ServiceController[]",".","SENS","System.ServiceProcess.ServiceController[]","Automatic",,"Running","Win32OwnProcess, Win32ShareProcess",,
"LocalSystem","Monitors and attests to the integrity of the Windows platform.","True","C:\WINDOWS\system32\Sgrm\SgrmBroker.exe","AutomaticDelayedStart","SgrmBroker","System.ServiceProcess.ServiceController[]","False","True","False","System Guard Runtime Monitor Broker","System.ServiceProcess.ServiceController[]",".","SgrmBroker","System.ServiceProcess.ServiceController[]","Automatic",,"Running","Win32OwnProcess",,
"LocalSystem","Provides notifications for AutoPlay hardware events.","False","C:\WINDOWS\System32\svchost.exe -k netsvcs -p","Automatic","ShellHWDetection","System.ServiceProcess.ServiceController[]","False","False","True","Shell Hardware Detection","System.ServiceProcess.ServiceController[]",".","ShellHWDetection","System.ServiceProcess.ServiceController[]","Automatic",,"Running","Win32OwnProcess, Win32ShareProcess",,
"LocalSystem","This service spools print jobs and handles interaction with the printer.  If you turn off this service, you won’t be able to print or see your printers.","False","C:\WINDOWS\System32\spoolsv.exe","Automatic","Spooler","System.ServiceProcess.ServiceController[]","False","False","True","Print Spooler","System.ServiceProcess.ServiceController[]",".","Spooler","System.ServiceProcess.ServiceController[]","Automatic",,"Running","Win32OwnProcess, InteractiveProcess",,
"NT AUTHORITY\LocalService","Discovers networked devices and services that use the SSDP discovery protocol, such as UPnP devices. Also announces SSDP devices and services running on the local computer. If this service is stopped, SSDP-based devices will not be discovered. If this service is disabled, any services that explicitly depend on it will fail to start.","False","C:\WINDOWS\system32\svchost.exe -k LocalServiceAndNoImpersonation -p","Manual","SSDPSRV","System.ServiceProcess.ServiceController[]","False","True","True","SSDP Discovery","System.ServiceProcess.ServiceController[]",".","SSDPSRV","System.ServiceProcess.ServiceController[]","Manual",,"Running","Win32OwnProcess, Win32ShareProcess",,
"NT Authority\LocalService","Provides support for the Secure Socket Tunneling Protocol (SSTP) to connect to remote computers using VPN. If this service is disabled, users will not be able to use SSTP to access remote servers.","False","C:\WINDOWS\system32\svchost.exe -k LocalService -p","Manual","SstpSvc","System.ServiceProcess.ServiceController[]","False","True","True","Secure Socket Tunneling Protocol Service","System.ServiceProcess.ServiceController[]",".","SstpSvc","System.ServiceProcess.ServiceController[]","Manual",,"Running","Win32OwnProcess, Win32ShareProcess",,
"LocalSystem","Splashtop software updater enables updates and enhancements to the SmartView browser extension.","False","""C:\Program Files (x86)\Splashtop\Splashtop Software Updater\SSUService.exe""","Automatic","SSUService","System.ServiceProcess.ServiceController[]","False","True","True","Splashtop Software Updater Service","System.ServiceProcess.ServiceController[]",".","SSUService","System.ServiceProcess.ServiceController[]","Automatic",,"Running","Win32OwnProcess",,
"LocalSystem","Provides required infrastructure support for the application model.","False","C:\WINDOWS\system32\svchost.exe -k appmodel -p","Automatic","StateRepository","System.ServiceProcess.ServiceController[]","False","True","True","State Repository Service","System.ServiceProcess.ServiceController[]",".","StateRepository","System.ServiceProcess.ServiceController[]","Automatic",,"Running","Win32OwnProcess, Win32ShareProcess",,
"LocalSystem","Steam Client Service monitors and updates Steam content","False","""C:\Program Files (x86)\Common Files\Steam\steamservice.exe"" /RunAsService","Manual","Steam Client Service","System.ServiceProcess.ServiceController[]","False","False","True","Steam Client Service","System.ServiceProcess.ServiceController[]",".","Steam Client Service","System.ServiceProcess.ServiceController[]","Manual",,"Running","Win32OwnProcess",,
"NT Authority\LocalService","Provides image acquisition services for scanners and cameras","False","C:\WINDOWS\system32\svchost.exe -k imgsvc","Automatic","StiSvc","System.ServiceProcess.ServiceController[]","True","True","True","Windows Image Acquisition (WIA)","System.ServiceProcess.ServiceController[]",".","StiSvc","System.ServiceProcess.ServiceController[]","Automatic",,"Running","Win32OwnProcess",,
"LocalSystem","Provides enabling services for storage settings and external storage expansion","True","C:\WINDOWS\System32\svchost.exe -k LocalSystemNetworkRestricted -p","Manual","StorSvc","System.ServiceProcess.ServiceController[]","False","False","True","Storage Service","System.ServiceProcess.ServiceController[]",".","StorSvc","System.ServiceProcess.ServiceController[]","Manual",,"Running","Win32OwnProcess, Win32ShareProcess",,
"LocalSystem","Dell SupportAssist keeps your PC up to date and running at its best with recommended software and driver updates. It also helps resolve issues quickly by detecting common problems and sending issue details to Dell Technical Support agents on your behalf.","True","""c:\Program Files\Dell\SupportAssistAgent\bin\SupportAssistAgent.exe""","AutomaticDelayedStart","SupportAssistAgent","System.ServiceProcess.ServiceController[]","False","True","True","Dell SupportAssist","System.ServiceProcess.ServiceController[]",".","SupportAssistAgent","System.ServiceProcess.ServiceController[]","Automatic",,"Running","Win32OwnProcess",,
"LocalSystem","Manages software-based volume shadow copies taken by the Volume Shadow Copy service. If this service is stopped, software-based volume shadow copies cannot be managed. If this service is disabled, any services that explicitly depend on it will fail to start.","False","C:\WINDOWS\System32\svchost.exe -k swprv","Manual","swprv","System.ServiceProcess.ServiceController[]","False","True","True","Microsoft Software Shadow Copy Provider","System.ServiceProcess.ServiceController[]",".","swprv","System.ServiceProcess.ServiceController[]","Manual",,"Running","Win32OwnProcess",,
"LocalSystem","Maintains and improves system performance over time.","False","C:\WINDOWS\system32\svchost.exe -k LocalSystemNetworkRestricted -p","Automatic","SysMain","System.ServiceProcess.ServiceController[]","False","True","True","SysMain","System.ServiceProcess.ServiceController[]",".","SysMain","System.ServiceProcess.ServiceController[]","Automatic",,"Running","Win32OwnProcess, Win32ShareProcess",,
"LocalSystem","Coordinates execution of background work for WinRT application. If this service is stopped or disabled, then background work might not be triggered.","False","C:\WINDOWS\system32\svchost.exe -k DcomLaunch -p","Automatic","SystemEventsBroker","System.ServiceProcess.ServiceController[]","False","False","True","System Events Broker",,".","SystemEventsBroker","System.ServiceProcess.ServiceController[]","Automatic",,"Running","Win32ShareProcess",,
"LocalSystem","Launches Thunderbolt(TM) control application","False","C:\WINDOWS\ThunderboltService.exe","Automatic","TbtHostControllerService","System.ServiceProcess.ServiceController[]","False","True","True","Thunderbolt(TM) Application Launcher","System.ServiceProcess.ServiceController[]",".","TbtHostControllerService","System.ServiceProcess.ServiceController[]","Automatic",,"Running","Win32OwnProcess",,
"LocalSystem","Thunderbolt(TM) Peer to Peer Shortcut","False","C:\WINDOWS\TbtP2pShortcutService.exe","Automatic","TbtP2pShortcutService","System.ServiceProcess.ServiceController[]","False","True","True","Thunderbolt(TM) Peer to Peer Shortcut","System.ServiceProcess.ServiceController[]",".","TbtP2pShortcutService","System.ServiceProcess.ServiceController[]","Automatic",,"Running","Win32OwnProcess",,
"LocalSystem","TeamViewer Remote Software","True","""C:\Program Files\TeamViewer\TeamViewer_Service.exe""","AutomaticDelayedStart","TeamViewer","System.ServiceProcess.ServiceController[]","False","True","True","TeamViewer","System.ServiceProcess.ServiceController[]",".","TeamViewer","System.ServiceProcess.ServiceController[]","Automatic",,"Running","Win32OwnProcess",,
"LocalSystem","Enables text input, expressive input, touch keyboard, handwriting, and IMEs.","False","C:\WINDOWS\System32\svchost.exe -k LocalSystemNetworkRestricted -p","Automatic","TextInputManagementService","System.ServiceProcess.ServiceController[]","False","False","False","Text Input Management Service","System.ServiceProcess.ServiceController[]",".","TextInputManagementService","System.ServiceProcess.ServiceController[]","Automatic",,"Running","Win32OwnProcess, Win32ShareProcess",,
"LocalSystem","Provides user experience theme management.","False","C:\WINDOWS\System32\svchost.exe -k netsvcs -p","Automatic","Themes","System.ServiceProcess.ServiceController[]","False","False","True","Themes","System.ServiceProcess.ServiceController[]",".","Themes","System.ServiceProcess.ServiceController[]","Automatic",,"Running","Win32OwnProcess, Win32ShareProcess",,
"LocalSystem",,"False","""C:\Program Files (x86)\Razer\THXService\Drivers\x64\THXService.exe""","Automatic","THXService","System.ServiceProcess.ServiceController[]","False","False","True","THXService","System.ServiceProcess.ServiceController[]",".","THXService","System.ServiceProcess.ServiceController[]","Automatic",,"Running","Win32OwnProcess",,
"NT AUTHORITY\LocalService","Coordinates execution of background work for WinRT application. If this service is stopped or disabled, then background work might not be triggered.","False","C:\WINDOWS\system32\svchost.exe -k LocalServiceNetworkRestricted -p","Manual","TimeBrokerSvc","System.ServiceProcess.ServiceController[]","False","False","True","Time Broker",,".","TimeBrokerSvc","System.ServiceProcess.ServiceController[]","Manual",,"Running","Win32OwnProcess, Win32ShareProcess",,
"LocalSystem","This service is used by Web Account Manager to provide single-sign-on to apps and services.","False","C:\WINDOWS\system32\svchost.exe -k netsvcs -p","Manual","TokenBroker","System.ServiceProcess.ServiceController[]","False","False","True","Web Account Manager","System.ServiceProcess.ServiceController[]",".","TokenBroker","System.ServiceProcess.ServiceController[]","Manual",,"Running","Win32OwnProcess, Win32ShareProcess",,
"","Shell components service","False","C:\WINDOWS\system32\svchost.exe -k UdkSvcGroup","Manual","UdkUserSvc_1997b6","System.ServiceProcess.ServiceController[]","False","False","True","Udk User Service_1997b6","System.ServiceProcess.ServiceController[]",".","UdkUserSvc_1997b6","System.ServiceProcess.ServiceController[]","Manual",,"Running","240",,
"","Handles storage of structured user data, including contact info, calendars, messages, and other content. If you stop or disable this service, apps that use this data might not work correctly.","False","C:\WINDOWS\System32\svchost.exe -k UnistackSvcGroup","Manual","UnistoreSvc_1997b6","System.ServiceProcess.ServiceController[]","False","False","True","User Data Storage_1997b6","System.ServiceProcess.ServiceController[]",".","UnistoreSvc_1997b6","System.ServiceProcess.ServiceController[]","Manual",,"Running","224",,
"","Provides apps access to structured user data, including contact info, calendars, messages, and other content. If you stop or disable this service, apps that use this data might not work correctly.","False","C:\WINDOWS\system32\svchost.exe -k UnistackSvcGroup","Manual","UserDataSvc_1997b6","System.ServiceProcess.ServiceController[]","False","False","True","User Data Access_1997b6","System.ServiceProcess.ServiceController[]",".","UserDataSvc_1997b6","System.ServiceProcess.ServiceController[]","Manual",,"Running","224",,
"LocalSystem","User Manager provides the runtime components required for multi-user interaction.  If this service is stopped, some applications may not operate correctly.","False","C:\WINDOWS\system32\svchost.exe -k netsvcs -p","Automatic","UserManager","System.ServiceProcess.ServiceController[]","False","False","True","User Manager","System.ServiceProcess.ServiceController[]",".","UserManager","System.ServiceProcess.ServiceController[]","Automatic",,"Running","Win32OwnProcess, Win32ShareProcess",,
"LocalSystem","Manages Windows Updates. If stopped, your devices will not be able to download and install the latest updates.","True","C:\WINDOWS\system32\svchost.exe -k netsvcs -p","AutomaticDelayedStart","UsoSvc","System.ServiceProcess.ServiceController[]","False","True","True","Update Orchestrator Service","System.ServiceProcess.ServiceController[]",".","UsoSvc","System.ServiceProcess.ServiceController[]","Automatic",,"Running","Win32OwnProcess, Win32ShareProcess",,
"LocalSystem","Provides secure storage and retrieval of credentials to users, applications and security service packages.","False","C:\WINDOWS\system32\lsass.exe","Manual","VaultSvc","System.ServiceProcess.ServiceController[]","False","True","True","Credential Manager","System.ServiceProcess.ServiceController[]",".","VaultSvc","System.ServiceProcess.ServiceController[]","Manual",,"Running","Win32ShareProcess",,
"LocalSystem","Authorization and authentication service for starting and accessing virtual machines.","False","""C:\Program Files (x86)\VMware\VMware Workstation\vmware-authd.exe""","Automatic","VMAuthdService","System.ServiceProcess.ServiceController[]","False","False","True","VMware Authorization Service","System.ServiceProcess.ServiceController[]",".","VMAuthdService","System.ServiceProcess.ServiceController[]","Automatic",,"Running","Win32OwnProcess",,
"LocalSystem","Arbitration and enumeration of USB devices for virtual machines","False","""C:\Program Files (x86)\Common Files\VMware\USB\vmware-usbarbitrator64.exe""","Automatic","VMUSBArbService","System.ServiceProcess.ServiceController[]","False","False","True","VMware USB Arbitration Service","System.ServiceProcess.ServiceController[]",".","VMUSBArbService","System.ServiceProcess.ServiceController[]","Automatic",,"Running","Win32OwnProcess",,
"NT Authority\LocalService","Makes automatic connect/disconnect decisions based on the network connectivity options currently available to the PC and enables management of network connectivity based on Group Policy settings.","False","C:\WINDOWS\system32\svchost.exe -k LocalServiceNetworkRestricted -p","Automatic","Wcmsvc","System.ServiceProcess.ServiceController[]","False","True","True","Windows Connection Manager","System.ServiceProcess.ServiceController[]",".","Wcmsvc","System.ServiceProcess.ServiceController[]","Automatic",,"Running","Win32OwnProcess",,
"NT AUTHORITY\LocalService","The Diagnostic Service Host is used by the Diagnostic Policy Service to host diagnostics that need to run in a Local Service context.  If this service is stopped, any diagnostics that depend on it will no longer function.","False","C:\WINDOWS\System32\svchost.exe -k LocalService -p","Manual","WdiServiceHost","System.ServiceProcess.ServiceController[]","False","True","True","Diagnostic Service Host","System.ServiceProcess.ServiceController[]",".","WdiServiceHost","System.ServiceProcess.ServiceController[]","Manual",,"Running","Win32OwnProcess, Win32ShareProcess",,
"LocalSystem","The Diagnostic System Host is used by the Diagnostic Policy Service to host diagnostics that need to run in a Local System context.  If this service is stopped, any diagnostics that depend on it will no longer function.","False","C:\WINDOWS\System32\svchost.exe -k LocalSystemNetworkRestricted -p","Manual","WdiSystemHost","System.ServiceProcess.ServiceController[]","False","True","True","Diagnostic System Host","System.ServiceProcess.ServiceController[]",".","WdiSystemHost","System.ServiceProcess.ServiceController[]","Manual",,"Running","Win32OwnProcess, Win32ShareProcess",,
"NT AUTHORITY\LocalService","Web Threat Defense Endpoint Service helps protect your computer by identifying unauthorized entities attempting to gain access to user credentials","False","C:\WINDOWS\system32\svchost.exe -k WebThreatDefense -p","Manual","webthreatdefsvc","System.ServiceProcess.ServiceController[]","True","True","True","Web Threat Defense Service","System.ServiceProcess.ServiceController[]",".","webthreatdefsvc","System.ServiceProcess.ServiceController[]","Manual",,"Running","Win32OwnProcess, Win32ShareProcess",,
"","Web Threat Defense User Service helps protect your computer by warning the user when unauthorized entities attempt to gain access to their credentials","False","C:\WINDOWS\system32\svchost.exe -k LocalSystemNetworkRestricted -p","Automatic","webthreatdefusersvc_1997b6","System.ServiceProcess.ServiceController[]","True","True","True","Web Threat Defense User Service_1997b6","System.ServiceProcess.ServiceController[]",".","webthreatdefusersvc_1997b6","System.ServiceProcess.ServiceController[]","Automatic",,"Running","240",,
"NT AUTHORITY\LocalService","WinHTTP implements the client HTTP stack and provides developers with a Win32 API and COM Automation component for sending HTTP requests and receiving responses. In addition, WinHTTP provides support for auto-discovering a proxy configuration via its implementation of the Web Proxy Auto-Discovery (WPAD) protocol.","False","C:\WINDOWS\system32\svchost.exe -k LocalServiceNetworkRestricted -p","Manual","WinHttpAutoProxySvc","System.ServiceProcess.ServiceController[]","False","True","False","WinHTTP Web Proxy Auto-Discovery Service","System.ServiceProcess.ServiceController[]",".","WinHttpAutoProxySvc","System.ServiceProcess.ServiceController[]","Manual",,"Running","Win32OwnProcess, Win32ShareProcess",,
"localSystem","Provides a common interface and object model to access management information about operating system, devices, applications and services. If this service is stopped, most Windows-based software will not function properly. If this service is disabled, any services that explicitly depend on it will fail to start.","False","C:\WINDOWS\system32\svchost.exe -k netsvcs -p","Automatic","Winmgmt","System.ServiceProcess.ServiceController[]","True","True","True","Windows Management Instrumentation","System.ServiceProcess.ServiceController[]",".","Winmgmt","System.ServiceProcess.ServiceController[]","Automatic",,"Running","Win32OwnProcess, Win32ShareProcess",,
"LocalSystem","The WLANSVC service provides the logic required to configure, discover, connect to, and disconnect from a wireless local area network (WLAN) as defined by IEEE 802.11 standards. It also contains the logic to turn your computer into a software access point so that other devices or computers can connect to your computer wirelessly using a WLAN adapter that can support this. Stopping or disabling the WLANSVC service will make all WLAN adapters on your computer inaccessible from the Windows networking UI. It is strongly recommended that you have the WLANSVC service running if your computer has a WLAN adapter.","False","C:\WINDOWS\system32\svchost.exe -k LocalSystemNetworkRestricted -p","Automatic","WlanSvc","System.ServiceProcess.ServiceController[]","False","True","True","WLAN AutoConfig","System.ServiceProcess.ServiceController[]",".","WlanSvc","System.ServiceProcess.ServiceController[]","Automatic",,"Running","Win32OwnProcess",,
"LocalSystem","Intel(R) Management Engine WMI Provider Registration Service","False","C:\WINDOWS\System32\DriverStore\FileRepository\mewmiprov.inf_amd64_d4564390a9b1e980\WMIRegistrationService.exe","Automatic","WMIRegistrationService","System.ServiceProcess.ServiceController[]","False","False","True","Intel(R) Management Engine WMI Provider Registration","System.ServiceProcess.ServiceController[]",".","WMIRegistrationService","System.ServiceProcess.ServiceController[]","Automatic",,"Running","Win32OwnProcess",,
"LocalSystem","Enforces parental controls for child accounts in Windows. If this service is stopped or disabled, parental controls may not be enforced.","False","C:\WINDOWS\system32\svchost.exe -k LocalService","Manual","WpcMonSvc","System.ServiceProcess.ServiceController[]","False","False","True","Parental Controls","System.ServiceProcess.ServiceController[]",".","WpcMonSvc","System.ServiceProcess.ServiceController[]","Manual",,"Running","Win32OwnProcess",,
"LocalSystem","This service runs in session 0 and hosts the notification platform and connection provider which handles the connection between the device and WNS server.","False","C:\WINDOWS\system32\svchost.exe -k netsvcs -p","Automatic","WpnService","System.ServiceProcess.ServiceController[]","False","False","True","Windows Push Notifications System Service","System.ServiceProcess.ServiceController[]",".","WpnService","System.ServiceProcess.ServiceController[]","Automatic",,"Running","Win32OwnProcess, Win32ShareProcess",,
"","This service hosts Windows notification platform which provides support for local and push notifications. Supported notifications are tile, toast and raw.","False","C:\WINDOWS\system32\svchost.exe -k UnistackSvcGroup","Automatic","WpnUserService_1997b6","System.ServiceProcess.ServiceController[]","False","False","True","Windows Push Notifications User Service_1997b6","System.ServiceProcess.ServiceController[]",".","WpnUserService_1997b6","System.ServiceProcess.ServiceController[]","Automatic",,"Running","240",,
"NT AUTHORITY\LocalService","The WSCSVC (Windows Security Center) service monitors and reports security health settings on the computer.  The health settings include firewall (on/off), antivirus (on/off/out of date), antispyware (on/off/out of date), Windows Update (automatically/manually download and install updates), User Account Control (on/off), and Internet settings (recommended/not recommended). The service provides COM APIs for independent software vendors to register and record the state of their products to the Security Center service.  The Security and Maintenance UI uses the service to provide systray alerts and a graphical view of the security health states in the Security and Maintenance control panel.  Network Access Protection (NAP) uses the service to report the security health states of clients to the NAP Network Policy Server to make network quarantine decisions.  The service also has a public API that allows external consumers to programmatically retrieve the aggregated security health state of the system.","True","C:\WINDOWS\System32\svchost.exe -k LocalServiceNetworkRestricted -p","AutomaticDelayedStart","wscsvc","System.ServiceProcess.ServiceController[]","False","True","True","Security Center","System.ServiceProcess.ServiceController[]",".","wscsvc","System.ServiceProcess.ServiceController[]","Automatic",,"Running","Win32OwnProcess, Win32ShareProcess",,
"LocalSystem","Provides content indexing, property caching, and search results for files, e-mail, and other content.","True","C:\WINDOWS\system32\SearchIndexer.exe /Embedding","AutomaticDelayedStart","WSearch","System.ServiceProcess.ServiceController[]","False","True","True","Windows Search","System.ServiceProcess.ServiceController[]",".","WSearch","System.ServiceProcess.ServiceController[]","Automatic",,"Running","Win32OwnProcess",,
"LocalSystem","Intel(R) Overclocking Component Service","False","C:\WINDOWS\SysWOW64\XtuService.exe","Manual","XTU3SERVICE","System.ServiceProcess.ServiceController[]","False","True","True","XTUOCDriverService","System.ServiceProcess.ServiceController[]",".","XTU3SERVICE","System.ServiceProcess.ServiceController[]","Manual",,"Running","Win32OwnProcess",,
